Real,Real,AM,ML
500000.0,500000.0,500000.0, 455798.0392801593
8291.0,8291.0,7369.6102921133415, 7574.5654795513465
2772.0,2772.0,2666.6666666666665, -110.64105616138404
2706.0,2706.0,2673.913043478261, 1083.0926810333665
3190.0,3190.0,2681.818181818182, 2276.8264182281314
3581.0,3581.0,2690.4761904761904, 3470.560155422882
4110.0,4110.0,2700.0, 4664.293892617633
4850.0,4850.0,2710.5263157894738, 5858.027629812384
5224.0,5224.0,2722.222222222222, 7051.761367007134
6182.0,6182.0,2735.294117647059, 8245.495104201898
7259.0,7259.0,2750.0, 2602.481374841726
15826.0,15826.0,2766.6666666666665, 16377.981323217118
7905.0,7905.0,6893.629901012081, 7483.13819155858
28881.0,28881.0,2807.6923076923076, 43928.98121996802
69609.0,69609.0,2833.3333333333335, 57704.48116834344
120504.0,120504.0,2863.6363636363635, 73712.78418937032
500000.0,500000.0,2900.0, 461866.96312419703
500000.0,500000.0,2944.4444444444443, 463064.89902624086
500000.0,500000.0,3000.0, 464262.8349282847
500000.0,500000.0,3071.4285714285716, 465460.7708303287
500000.0,500000.0,3166.6666666666665, 466658.7067323726
500000.0,500000.0,3300.0, 467856.6426344164
500000.0,500000.0,3500.0, 469054.5785364604
7318.0,7318.0,6544.45601830323, 7391.710903565813
500000.0,500000.0,4500.0, 471450.4503405481
500000.0,500000.0,500000.0, 473846.322144636
500000.0,500000.0,500.0, 476242.1939487237
500000.0,500000.0,1500.0, 478638.06575281156
500000.0,500000.0,1833.3333333333335, 481033.9375568994
500000.0,500000.0,2000.0, 484098.8775816392
500000.0,500000.0,2100.0, 492022.78283146134
500000.0,500000.0,2166.6666666666665, 499946.6880812834
500000.0,500000.0,2214.285714285714, 507870.59333110537
500000.0,500000.0,2250.0, 515794.49858092744
6912.0,6912.0,6280.251841901448, 7300.2836155730465
500000.0,500000.0,2277.777777777778, 461648.940637472
500000.0,500000.0,2300.0, 493361.88904094376
500000.0,500000.0,500000.0, 484106.35350769083
500000.0,500000.0,500000.0, 482459.59971555846
500000.0,500000.0,500000.0, 477519.3383391611
500000.0,500000.0,500000.0, 469285.56937849906
117717.0,117717.0,117504.34921416253, 167446.2153216771
61519.0,61519.0,61193.60086633305, 166761.46744984508
31962.0,31962.0,27446.326616333135, 99424.74142935232
18707.0,18707.0,16266.69449629108, 30172.095588196655
6466.0,6466.0,6075.948231986622, 7208.856327580294
15244.0,15244.0,14058.790252151326, 10516.241821936941
13871.0,13871.0,12603.566807683332, 10424.814533944174
12741.0,12741.0,11579.251566025165, 10333.387245951408
11253.0,11253.0,10825.011997402913, 10241.959957958641
10371.0,10371.0,10251.549140623158, 10150.532669965889
9769.0,9769.0,9805.335501938294, 10059.105381973122
9379.0,9379.0,9452.360071697116, 10242.848129407974
9054.0,9054.0,9170.00137531263, 10151.420841415207
8640.0,8640.0,8942.651998667287, 10059.99355342244
8426.0,8426.0,8759.218931282183, 9968.566265429674
6058.0,6058.0,5915.625286291909, 7392.599075015146
8223.0,8223.0,8611.624434051279, 9877.138977436907
8043.0,8043.0,8493.86979988006, 9785.711689444155
7862.0,7862.0,8401.43033685516, 9694.284401451388
7799.0,7799.0,8330.852887618705, 9602.857113458622
7986.0,7986.0,8279.481404755177, 9511.429825465855
7963.0,7963.0,8245.26592011717, 9420.002537473089
7871.0,7871.0,8226.627290607874, 9328.575249480322
7865.0,7865.0,8222.360181559614, 9237.147961487555
8027.0,8027.0,8231.562891926054, 9145.720673494803
8231.0,8231.0,8253.586475026754, 9054.293385502036
6038.0,6038.0,5788.703521861049, 7301.171787022379
8813.0,8813.0,8287.998084708137, 8962.86609750927
8811.0,8811.0,8334.555111219783, 8871.438809516503
9026.0,9026.0,8393.187780035387, 8780.011521523737
9034.0,9034.0,8463.988663701777, 8688.58423353097
9404.0,9404.0,8643.255134937852, 8505.729657545451
10664.0,10664.0,8876.302264203363, 8047.705046132299
11539.0,11539.0,9169.94066855895, 7864.850470146765
12942.0,12942.0,9534.516675593102, 22990.329947062597
15136.0,15136.0,9985.117986311332, 26588.818472971554
16353.0,16353.0,10543.611749063224, 30187.30699888052
5896.0,5896.0,5687.8933943101765, 7209.744499029613
21462.0,21462.0,11242.103192419141, 33785.79552478946
23752.0,23752.0,12128.995547705987, 10268.104271093678
32461.0,32461.0,13280.157391311792, 15738.728640857607
80216.0,80216.0,14820.948365025066, 127034.5092580496
500000.0,500000.0,16973.714793951964, 460682.34759217134
500000.0,500000.0,20173.226594252188, 492395.2959956431
342631.0,342631.0,402739.92798320117, 165406.98341053922
245650.0,245650.0,202739.95197119802, 165407.37083550135
119088.0,119088.0,82740.0239639772, 165408.5331103878
56585.0,56585.0,42740.144047990376, 109596.57627352509
5918.0,5918.0,5608.0240492241965, 7118.317211036846
7093.0,7093.0,6742.326293631138, -38876.86275869897
4206.0,4206.0,4744.7980016489655, -38399.36926382107
2515.0,2515.0,3552.525209995579, -4744.838010831764
2245.0,2245.0,3166.5481534154037, -2357.3705364422635
2136.0,2136.0,3094.1603336952176, -1163.6367992475127
2316.0,2316.0,3048.886745249355, 30.09693794723789
2324.0,2324.0,3019.339484615158, 1223.830675142003
2378.0,2378.0,2999.8500149985002, 2417.5644123367533
2565.0,2565.0,2987.295382185008, 3611.298149531504
2671.0,2671.0,2979.829356085855, 4805.031886726255
5747.0,5747.0,5545.341067725627, 7026.889923044079
2851.0,2851.0,2976.30641620519, 5998.7656239210055
2980.0,2980.0,2975.9945914033788, 7192.499361115771
3250.0,3250.0,2978.4218196153674, 8386.23309831052
3520.0,3520.0,2983.2893135104964, 9579.96683550527
3626.0,3626.0,2990.4209656349144, 10773.700572700021
4004.0,4004.0,2999.7334044254862, 1776.0306572903544
4170.0,4170.0,3011.2186780583543, 5611.894231351534
4553.0,4553.0,3024.9352737084023, 9447.75780541274
4888.0,4888.0,3041.005210144499, 13283.62137947392
5219.0,5219.0,3059.6161535385845, 17119.484953535113
500000.0,500000.0,500000.0, 454151.2854880268
5868.0,5868.0,5497.06810003998, 6935.462635051327
5202.0,5202.0,3081.028337346597, 20955.348527596307
5812.0,5812.0,3105.586763642825, 24791.212101657486
7105.0,7105.0,3133.7398993281386, 28627.075675718694
7629.0,7629.0,3166.067026450796, 32462.939249779873
8658.0,8658.0,3203.3177881412394, 36298.80282384106
9208.0,9208.0,3246.4696555086553, 40134.666397902256
11514.0,11514.0,3296.812676420387, 43970.52997196345
11447.0,11447.0,3356.0771851034274, 47806.39354602464
13311.0,13311.0,3511.7991743241446, 55478.120694147015
21702.0,21702.0,3747.6038338658145, 165884.02689214871
5733.0,5733.0,5461.123816183939, 6844.03534705856
32032.0,32032.0,4142.801806102249, 172081.2938403416
70102.0,70102.0,4934.878880474736, 178278.5607885344
274149.0,274149.0,7303.994901903442, 184475.82773672725
500000.0,500000.0,500000.0, 467977.5001391803
500000.0,500000.0,500000.0, 476901.3344585166
500000.0,500000.0,126.72120968625723, 485825.1687778531
500000.0,500000.0,930.5028173354808, 494749.0030971896
500000.0,500000.0,1330.927559476076, 503672.83741652593
500000.0,500000.0,1570.4609218436876, 461606.91485289374
500000.0,500000.0,1729.7007120033704, 493319.86325636547
5818.0,5818.0,5435.933873750843, 6752.608059065793
500000.0,500000.0,500000.0, 463041.84128404706
500000.0,500000.0,500000.0, 461393.4366038524
500000.0,500000.0,500000.0, 456448.222563268
500000.0,500000.0,500000.0, 448206.1991622941
161121.0,161121.0,158221.33260199436, 148606.3873794943
83428.0,83428.0,81934.18708664089, 147756.55070142713
40647.0,40647.0,36212.87618423585, 68212.14039299719
23878.0,23878.0,21062.74092191414, 1252.8257949116858
19555.0,19555.0,18069.10474451485, 788.1668736829931
17055.0,17055.0,16095.027711311182, 323.5079524543078
5900.0,5900.0,5420.303012298547, 6661.180771073026
14958.0,14958.0,14704.583246539292, 10479.870989843226
13566.0,13566.0,13679.875567132169, 10409.88963289748
12822.0,12822.0,12899.917204850168, 10339.908275951737
11919.0,11919.0,12292.180619777351, 10269.926919005993
11169.0,11169.0,11810.576832680435, 10475.11559748787
10645.0,10645.0,11424.44539679017, 10405.134240542122
10192.0,10192.0,11112.626614007268, 10335.152883596393
9969.0,9969.0,10860.074968613519, 10265.171526650649
9625.0,9625.0,10655.827981304825, 10195.190169704905
9317.0,9317.0,10491.737602238845, 10125.208812759161
6004.0,6004.0,5413.32636369227, 6569.75348308026
9069.0,9069.0,10361.650284333213, 10055.227455813414
9148.0,9148.0,10260.861393167848, 9985.24609886767
8782.0,8782.0,10185.743043359129, 9915.264741921927
9033.0,9033.0,10133.484845024099, 9845.283384976197
8829.0,8829.0,10101.910132417474, 9775.302028030454
8875.0,8875.0,10089.343897579074, 9705.320671084706
9270.0,9270.0,10094.516970118953, 9635.339314138962
8975.0,8975.0,10116.496194301402, 9565.357957193219
9541.0,9541.0,10154.63370260875, 9495.376600247475
9651.0,9651.0,10208.530590838098, 9425.395243301731
5812.0,5812.0,5414.327061836706, 6478.326195087493
9744.0,9744.0,10278.01179124267, 9355.413886355998
9544.0,9544.0,10363.109978474324, 9285.432529410255
10598.0,10598.0,10581.282627154837, 9145.469815518767
11551.0,11551.0,10867.309079666084, 8730.337066199658
12049.0,12049.0,11228.916656109584, 8590.374352308183
13731.0,13731.0,11678.007081386204, 24505.68292329783
13106.0,13106.0,12231.956969181494, 28104.171449206788
17260.0,17260.0,12915.814200868717, 31702.659975115745
19728.0,19728.0,13765.981598729484, 35301.1485010247
24392.0,24392.0,14836.551526996014, -8963.040952592051
6359.0,6359.0,5422.811965867513, 6386.898907094726
33217.0,33217.0,16210.69130389148, -3492.416582828107
56691.0,56691.0,18022.385797381543, 99653.55480564889
500000.0,500000.0,20501.388830788543, 460346.141315545
500000.0,500000.0,24076.434023120895, 492059.0897190168
500000.0,500000.0,500000.0, 422914.46785024286
440701.0,440701.0,431415.65734845126, 389690.0558084111
240993.0,240993.0,174272.89239184852, 290016.81968291587
96402.0,96402.0,88558.76043109324, 112254.11773410697
13080.0,13080.0,11418.694522842394, -36348.65729020084
7917.0,7917.0,7136.135143154698, -35871.16379532293
6288.0,6288.0,5438.440198869605, 6295.471619101974
4023.0,4023.0,4574.524874022459, -2216.632542333627
2899.0,2899.0,3735.0283903755053, 170.83493205587436
2680.0,2680.0,3573.0875909474616, 1364.568669250625
2732.0,2732.0,3468.7783477099174, 2558.3024064453753
2662.0,2662.0,3397.649620967069, 3752.036143640126
2664.0,2664.0,3347.499478333449, 4945.769880834877
2636.0,2636.0,3311.5729610729295, 6139.503618029642
2656.0,2656.0,3285.8416842879474, 7333.237355224393
2983.0,2983.0,3267.767789301766, 8526.971092419142
2930.0,2930.0,3255.686473411104, 9720.704829613893
6789.0,6789.0,5461.001019761321, 6204.044331109208
3150.0,3150.0,3248.474129265067, 10914.438566808643
3380.0,3380.0,3245.359420487695, 12108.172304003408
3486.0,3486.0,3245.810745531641, 13301.906041198159
3549.0,3549.0,3249.466856228896, 51719.8839631016
3975.0,3975.0,3256.09308722511, 52141.24828801591
3945.0,3945.0,3265.553513315669, 52562.612612930214
4252.0,4252.0,3277.7935099703313, 52983.97693784451
4344.0,4344.0,3292.829507351045, 53405.34126275882
4650.0,4650.0,3310.7440888122724, 53826.70558767312
4814.0,4814.0,3331.68544082506, -6176.89129691759
7010.0,7010.0,5490.398721250333, 6112.617043116441
5273.0,5273.0,3355.870754681482, -4377.647033963115
5383.0,5383.0,3383.593653917107, -2578.4027710086334
6722.0,6722.0,3415.236172789665, -779.1585080541656
6767.0,6767.0,3451.2863246409725, 1020.0857549003165
6855.0,6855.0,3492.3629694818114, 2819.3300178547984
7422.0,7422.0,3539.250649647179, 4618.574280809274
9494.0,9494.0,3654.7397970200827, 8217.06280671823
12000.0,12000.0,3809.804313099042, 11815.551332627187
15176.0,15176.0,4025.626798120041, 15414.039858536144
24030.0,24030.0,4342.78736882828, 19012.528384445108
500000.0,500000.0,500000.0, 449211.0241116296
7390.0,7390.0,5526.643032097856, 6021.189755123674
43264.0,43264.0,4849.600438308564, 22611.016910354057
31683.0,31683.0,5780.901856763927, 26209.50543626302
44124.0,44124.0,8035.948769365122, 29807.99396217198
67491.0,67491.0,21195.939300266968, 134258.26869962795
106145.0,106145.0,500000.0, 166583.89169761472
295751.0,295751.0,500000.0, 198909.51469560145
500000.0,500000.0,500000.0, 461564.88906831545
500000.0,500000.0,414.5039636198776, 493277.8374717872
500000.0,500000.0,500000.0, 506025.7995924903
500000.0,500000.0,500000.0, 504520.34120628313
7610.0,7610.0,5569.844047124608, 5929.762467130908
500000.0,500000.0,500000.0, 500003.96604766196
500000.0,500000.0,500000.0, 492476.67411662644
241374.0,241374.0,239691.44840506872, 210518.27319198585
127554.0,127554.0,123432.86105714062, 177257.1278965687
57199.0,57199.0,53752.28137712412, 74479.84865634008
32245.0,32245.0,30657.40077611795, 14078.029284521008
26765.0,26765.0,26091.552619556787, 13773.342702179465
23039.0,23039.0,23079.271124418206, 13468.656119837924
20473.0,20473.0,20956.21556888017, 14019.63968354875
18661.0,18661.0,19390.31079475809, 13949.658326603021
7943.0,7943.0,5620.211106361168, 5838.335179138141
16968.0,16968.0,18197.163185112906, 13879.676969657276
15983.0,15983.0,17266.22787889212, 13809.695612711532
14540.0,14540.0,16527.24926509173, 14014.884291193406
14235.0,14235.0,15933.482118904114, 13944.902934247662
13322.0,13322.0,15452.657766377613, 13874.921577301919
12867.0,12867.0,15061.82288982833, 13804.940220356186
12435.0,12435.0,14744.243879738171, 13734.958863410442
12085.0,12085.0,14487.473208435593, 13664.977506464698
11658.0,11658.0,14282.099514266829, 13594.996149518955
11553.0,11553.0,14120.915696542575, 13525.01479257321
8789.0,8789.0,5743.795988731446, 5655.480603152622
11281.0,11281.0,13998.351228058973, 13455.033435627463
11355.0,11355.0,13910.076447254438, 13385.05207868172
11245.0,11245.0,13852.721774406524, 13315.07072173599
11084.0,11084.0,13823.675595266159, 13245.089364790247
11391.0,11391.0,13820.937227100623, 13175.108007844503
11283.0,11283.0,13843.009315539559, 13105.126650898756
11490.0,11490.0,13888.819104683495, 13035.145293953012
11415.0,11415.0,13957.661374136822, 12965.163937007268
11818.0,11818.0,14049.158096073457, 12895.182580061524
11812.0,11812.0,14163.231430189822, 12825.201223115791
9793.0,9793.0,5901.248910833576, 5197.45599173947
12195.0,12195.0,14460.211572750548, 12685.238509224304
12755.0,12755.0,14853.612942695941, 12270.105759905196
12846.0,12846.0,15353.187351259648, 12130.143046013707
14256.0,14256.0,15974.246513169393, 26251.91507351236
15609.0,15609.0,16739.227142238527, 30170.348277195622
17639.0,17639.0,17680.34341215241, 34088.78148087888
19343.0,19343.0,18843.993329578127, 38007.214684562154
24345.0,24345.0,20298.20794299481, 52672.83019047361
81777.0,81777.0,22145.73171918941, 51634.40073971806
109738.0,109738.0,24548.26164031694, 131971.6998502456
11058.0,11058.0,6098.589446129705, 5014.601415753935
500000.0,500000.0,27774.650519942115, 459673.7287622924
500000.0,500000.0,32306.029506839706, 491386.6771657642
500000.0,500000.0,500000.0, 509392.1283863414
500000.0,500000.0,500000.0, 478602.24540875584
363679.0,363679.0,269610.9405215705, 386232.5964759992
137604.0,137604.0,136277.79230839544, 207499.81802006892
19110.0,19110.0,16281.15105108537, -33820.4518217027
11226.0,11226.0,9618.276362354409, -33342.9583268248
5560.0,5560.0,5630.047650516504, 311.5729261644963
3631.0,3631.0,4317.758708457567, -1494.6271359764862
12145.0,12145.0,6344.771911655772, 20717.30048270975
3351.0,3351.0,4062.3476885871087, 5765.826731282218
3143.0,3143.0,3896.361050800543, 5674.399443289464
2984.0,2984.0,3781.7427027388594, 5582.972155296698
3075.0,3075.0,3699.488081906895, 5491.544867303931
2968.0,2968.0,3639.062645984445, 5400.117579311164
3072.0,3072.0,3594.169648495054, 5308.690291318398
3129.0,3129.0,3560.8268107241324, 5492.43303875325
3109.0,3109.0,3536.4051067863384, 5401.005750760498
3142.0,3142.0,3519.1116837370523, 5309.578462767731
3368.0,3368.0,3507.694944186453, 5218.151174774965
14117.0,14117.0,6653.019550269211, 24315.789008618707
3478.0,3478.0,3501.268225695707, 5126.723886782198
3590.0,3590.0,3499.2003198720513, 5035.296598789431
3759.0,3759.0,3501.045461649462, 4943.869310796665
4070.0,4070.0,3506.497621882237, 4852.442022803898
4330.0,4330.0,3515.360370100028, 4761.014734811146
4306.0,4306.0,3527.5271273557964, 4669.587446818379
4539.0,4539.0,3542.968678395524, 4578.160158825613
4904.0,4904.0,3561.7260483812356, 4486.732870832844
5348.0,5348.0,3583.9076352847783, 4395.3055828400775
5456.0,5456.0,3609.6900257571715, 4303.878294847311
16517.0,16517.0,7043.153416644514, 27914.277534527664
5971.0,5971.0,3639.322328410078, 4212.451006854544
6178.0,6178.0,3673.134211570599, 4121.023718861792
6397.0,6397.0,3711.548192405977, 4029.596430869025
7024.0,7024.0,3755.0971483367202, 3938.1691428762583
8060.0,8060.0,3860.4379346057112, 3755.314566890725
14386.0,14386.0,3996.805111821087, 3297.2899554775727
12693.0,12693.0,4176.500781674595, 3114.435379492054
22910.0,22910.0,4420.250657680825, 19201.94750647451
26624.0,26624.0,4765.517038728582, 22800.436032383474
35043.0,35043.0,5287.250996015937, 26398.924558292423
18765.0,18765.0,7545.806857813295, 31512.76606043662
40288.0,40288.0,6159.910848455003, 29997.413084201387
52733.0,52733.0,7903.792084204462, 130835.64939307791
130536.0,130536.0,13081.508931315973, 163161.27239106462
437324.0,437324.0,500000.0, 195486.89538905138
500000.0,500000.0,500000.0, 461522.86328373716
500000.0,500000.0,500000.0, 493235.8116872089
500000.0,500000.0,500000.0, 545423.4332266516
500000.0,500000.0,500000.0, 543917.9748404446
500000.0,500000.0,500000.0, 539401.5996818233
500000.0,500000.0,500000.0, 531874.3077507879
500000.0,500000.0,500000.0, 440977.2551509674
26677.0,26677.0,8210.505351390671, 39114.82210662223
319050.0,319050.0,321179.8678632065, 254692.15122541485
163323.0,163323.0,164940.39458347586, 191060.43242034086
71882.0,71882.0,71294.87641464335, 64858.31744164895
41515.0,41515.0,40253.357413636346, 10694.048618321996
34014.0,34014.0,34114.91871536794, 10389.362035980454
28919.0,28919.0,30064.18123879603, 10084.675453638913
25767.0,25767.0,27208.336333301482, 17559.40837725429
23106.0,23106.0,25101.102686331593, 17489.42702030855
21404.0,21404.0,23494.66577227261, 17419.445663362818
19343.0,19343.0,22240.454677533173, 17349.46430641707
40864.0,40864.0,9122.423294403456, 44585.44647638616
18392.0,18392.0,21244.041736725605, 17554.65298489895
17704.0,17704.0,20442.593476897586, 17484.671627953205
16449.0,16449.0,19792.730004371428, 17414.69027100746
15814.0,15814.0,19263.588771387585, 17344.708914061717
15368.0,15368.0,18832.664184752284, 17274.72755711597
14739.0,14739.0,18483.208815371934, 17204.74620017024
14492.0,14492.0,18202.55340644605, 17134.764843224497
14190.0,14190.0,17980.98860349586, 17064.783486278753
13910.0,13910.0,17811.001718138643, 16994.80212933301
13618.0,13618.0,17686.744559461586, 16924.820772387262
164764.0,164764.0,10440.989469501294, 168105.94093665067
13451.0,13451.0,17603.655646144507, 16854.83941544152
13334.0,13334.0,17558.188061682915, 16784.85805849579
13422.0,13422.0,17547.61124131696, 16714.876701550045
13086.0,13086.0,17569.865637205374, 16644.8953446043
13376.0,13376.0,17623.456049537996, 16574.913987658554
13477.0,13477.0,17707.373908916117, 16504.93263071281
13393.0,13393.0,17821.04182405725, 16434.951273767067
13609.0,13609.0,17964.27580174437, 16364.969916821317
13423.0,13423.0,18340.546270055565, 16225.007202929844
15138.0,15138.0,18842.0051726761, 15809.874453610737
500000.0,500000.0,12502.727993655826, 461186.6570071108
15209.0,15209.0,19480.51682080616, 15669.911739719248
16027.0,16027.0,20274.939212662728, 6669.84822352965
16254.0,16254.0,21252.986077986046, 10588.281427212913
19671.0,19671.0,22454.394543816758, 14506.714630896176
21997.0,21997.0,23936.16743477002, 18425.147834579442
27386.0,27386.0,25781.36620104546, 43051.29897578248
31722.0,31722.0,28114.38159003015, 42012.86952502694
60070.0,60070.0,31128.830693305714, 106050.55017812467
500000.0,500000.0,35142.028233938385, 459001.3162090397
500000.0,500000.0,40710.965061004754, 490714.26461251144
500000.0,500000.0,16160.776860285292, 492899.60541058256
500000.0,500000.0,500000.0, 523802.930199646
500000.0,500000.0,500000.0, 524894.8054204237
490026.0,490026.0,464677.12113231194, 528170.4310827568
210042.0,210042.0,233908.13594446811, 211763.01610211853
29359.0,29359.0,26220.28123812994, -28764.04088470643
18292.0,18292.0,14686.840830612022, -28286.54738982853
9372.0,9372.0,7779.308827646894, 5367.98386316077
5569.0,5569.0,5499.250062494792, 1672.0451364408352
4830.0,4830.0,5052.409318157643, 6240.868240347699
4268.0,4268.0,4760.053036560448, 6149.440952354932
500000.0,500000.0,500000.0, 465234.14402266976
4160.0,4160.0,4556.28965652962, 6058.013664362165
3999.0,3999.0,4408.198509361934, 5966.586376369399
3717.0,3717.0,4297.5152487463865, 5875.159088376632
3738.0,3738.0,4213.306355629612, 5783.731800383878
3733.0,3733.0,4148.639721937129, 5967.474547818731
3769.0,3769.0,4098.920323902829, 5876.047259825964
3883.0,3883.0,4060.9944614122705, 5784.619971833197
3832.0,3832.0,4032.638351284113, 5693.192683840431
3836.0,3836.0,4012.2517898149404, 5601.765395847664
3897.0,3897.0,3998.6672589960017, 5510.338107854897
500000.0,500000.0,500000.0, 463587.3902305374
4243.0,4243.0,3991.0270473669098, 5418.910819862145
4180.0,4180.0,3988.7020596938883, 5327.483531869379
4497.0,4497.0,3991.237102720762, 5236.056243876612
4600.0,4600.0,3998.313554028732, 5144.628955883845
4687.0,4687.0,4009.7238276374983, 5053.201667891079
4938.0,4938.0,4025.3541342409503, 4961.774379898312
5228.0,5228.0,4045.1733183127626, 4870.34709190556
5284.0,5284.0,4069.226377390808, 4778.919803912793
5997.0,5997.0,4097.63182238668, 4687.492515920027
6400.0,6400.0,4130.582435316162, 4596.06522792726
500000.0,500000.0,500000.0, 458647.12885414006
6425.0,6425.0,4168.349293873727, 4504.637939934493
7218.0,7218.0,4211.28921020714, 4413.210651941727
7653.0,7653.0,4314.616432137994, 4230.356075956208
8645.0,8645.0,4445.686900958466, 3772.3314645430532
11191.0,11191.0,4612.323780571342, 3589.47688855752
16034.0,16034.0,4826.59848673817, 19580.785750533312
20085.0,20085.0,5107.748892104889, 23179.27427644227
24185.0,24185.0,5488.039867109635, 26777.762802351226
30196.0,30196.0,6025.649415312826, 30376.25132826019
43626.0,43626.0,6836.784051353915, 123990.41077997764
500000.0,500000.0,500000.0, 450413.359893478
65432.0,65432.0,8191.495634914941, 156316.03377796436
271640.0,271640.0,10893.280632411084, 188641.65677595112
500000.0,500000.0,18878.53658536598, 461438.81171458063
500000.0,500000.0,500000.0, 493151.7601180524
500000.0,500000.0,500000.0, 525970.3209553235
500000.0,500000.0,500000.0, 527062.1961761012
500000.0,500000.0,500000.0, 530337.8218384343
339845.0,339845.0,332741.8941347156, 216026.2141841681
40270.0,40270.0,36276.83385145249, -23707.629947710167
23823.0,23823.0,19812.47477654105, -23230.13645283227
78222.0,78222.0,76822.7979606594, 146185.88363702226
13234.0,13234.0,9949.379263176537, 10424.39480015703
7781.0,7781.0,6689.392688903845, 4838.717408858144
6587.0,6587.0,6048.669786420973, 6715.909749413165
5945.0,5945.0,5628.30174543259, 6624.482461420398
5462.0,5462.0,5334.218137759493, 6533.055173427631
5097.0,5097.0,5119.411424000883, 6441.627885434879
4909.0,4909.0,4957.793609798628, 6350.200597442113
4645.0,4645.0,4833.739236949239, 6258.773309449346
4647.0,4647.0,4737.3325443937665, 6442.516056884198
4643.0,4643.0,4661.991419072193, 6351.088768891432
59165.0,59165.0,56516.584747285226, 135555.71779469485
43833.0,43833.0,40470.17566496471, 145501.13576519027
4558.0,4558.0,4603.188384434401, 6259.661480898665
4507.0,4507.0,4557.720171972858, 6168.234192905898
4441.0,4441.0,4523.269942427256, 6076.806904913146
4541.0,4541.0,4498.134204038116, 5985.37961692038
4580.0,4580.0,4481.046704628257, 5893.952328927613
4631.0,4631.0,4471.061692815799, 5802.525040934846
4839.0,4839.0,4467.474800161758, 5711.09775294208
5116.0,5116.0,4469.768522822348, 5619.670464949311
5157.0,5157.0,4477.574275041448, 5528.243176956559
5328.0,5328.0,4490.645946472133, 5436.8158889637925
23461.0,23461.0,18685.967719166154, 89876.82761392913
5578.0,5578.0,4508.841707927011, 5345.388600971026
5872.0,5872.0,4532.111957146663, 5253.961312978259
6313.0,6313.0,4560.492048389288, 5162.534024985493
6712.0,6712.0,4594.09896504819, 5071.106736992726
6958.0,6958.0,4633.131469070198, 4979.679448999959
7461.0,7461.0,4677.8735562604425, 4888.252161007207
8058.0,8058.0,4786.093466919871, 4705.397585021674
9200.0,9200.0,4923.094477407577, 4247.3729736085215
10360.0,10360.0,5095.474376319913, 4064.5183976230023
11535.0,11535.0,5313.143758411519, 19959.62399459213
14198.0,14198.0,11473.17334894157, 17505.40649852739
13628.0,13628.0,5591.204647861212, 23558.112520501087
16193.0,16193.0,5953.433761630484, 27156.601046410044
26142.0,26142.0,6439.155547557222, 30755.089572319
38955.0,38955.0,7118.028140781863, 117145.1721668775
57567.0,57567.0,8125.824549389015, 149470.79516486422
345472.0,345472.0,9766.69311119927, 181796.41816285095
453449.0,453449.0,12890.520646319592, 461354.76014542405
500000.0,500000.0,21110.37790639469, 493067.7085488958
12157.0,12157.0,10050.26704757173, 8616.07578567506
10151.0,10151.0,9113.408933664086, 8524.648497682294
9531.0,9531.0,8454.876354133263, 8433.221209689527
8670.0,8670.0,7970.848242475268, 8341.79392169676
7963.0,7963.0,7603.685612126526, 8250.366633703994
7663.0,7663.0,7318.844152287044, 8158.939345711228
7099.0,7099.0,7094.380368659612, 8342.68209314608
33457.0,33457.0,30125.210746745295, 134870.96992286286
7025.0,7025.0,6915.705091587646, 8251.254805153327
6929.0,6929.0,6772.758907904692, 8159.82751716056
6648.0,6648.0,6658.398622324145, 8068.400229167793
6572.0,6572.0,6567.42967597538, 7976.972941175027
6669.0,6669.0,6496.0019990004985, 7885.54565318226
6548.0,6548.0,6441.2197411666875, 7794.1183651894935
6593.0,6593.0,6400.881811098732, 7702.691077196727
6610.0,6610.0,6373.305151420323, 7611.263789203975
6450.0,6450.0,6357.201929703653, 7519.836501211208
6681.0,6681.0,6351.592831961409, 7428.409213218441
18421.0,18421.0,14311.838631191944, 85102.87070621752
6758.0,6758.0,6355.745155941362, 7336.981925225675
6955.0,6955.0,6369.128372354368, 7245.554637232908
6977.0,6977.0,6391.3823137616555, 7154.1273492401415
7596.0,7596.0,6422.294757665679, 7062.7000612473885
7833.0,7833.0,6461.786236270456, 6971.272773254622
7717.0,7717.0,6509.900635379038, 6879.845485261855
8305.0,8305.0,6566.80066502891, 6788.4181972690885
9301.0,9301.0,6708.205604582752, 6605.563621283555
10330.0,10330.0,6889.776357827476, 6147.5390098704165
11611.0,11611.0,7117.624842102588, 5964.684433884883
10992.0,10992.0,9078.887159064521, 11172.061953692773
11954.0,11954.0,7400.889619368136, 21474.976970827363
14996.0,14996.0,7752.941853926877, 25073.46549673632
18198.0,18198.0,8193.447293447296, 28671.954022645285
20824.0,20824.0,8751.968623520208, 32270.442548554234
22072.0,22072.0,9474.548088637188, 29499.24949477938
28732.0,28732.0,10436.527022472423, 34969.873864543304
59126.0,59126.0,11769.715043074884, 154415.46371045028
500000.0,500000.0,13726.870229007644, 461018.5538687977
500000.0,500000.0,16860.92332054327, 492731.5022722695
1847.0,1847.0,2625.015626953369, 62942.874197220735
10099.0,10099.0,8047.763009390649, 7665.992767544113
2223.0,2223.0,2625.0312578144535, 62943.261622182894
2293.0,2293.0,2625.0781738586616, 62944.42389706934
2165.0,2165.0,2625.156445556946, 106939.0348129433
1462.0,1462.0,2626.5822784810125, -41405.0682271971
1230.0,1230.0,2628.2051282051284, -40927.574732319204
1392.0,1392.0,2633.3333333333335, -7273.043479329902
1709.0,1709.0,2642.8571428571427, -4885.576004940401
1961.0,1961.0,2648.1481481481483, -3691.842267745636
2052.0,2052.0,2653.846153846154, -2498.1085305508855
2231.0,2231.0,2660.0, -1304.3747933561347
